etime,VQE Energy (Ha),HF Energy (Ha),FCI Energy (Ha),r,energy_error
0.0,-1.1011500098576201,-1.0661086493179366,-1.1011503302326187,1.0,3.2037499853032614e-07
0.5,-1.1011503300903815,-1.0661086493179366,-1.1011503302326187,1.0,1.4223711097827163e-10
1.0,-1.1011503302326178,-1.0661086493179366,-1.1011503302326187,1.0,8.881784197001252e-16
